{
	"schemaVersion": 1,
	"id": "growmeal-fabric",
	"version": "${version}",
	"name": "Growmeal-Fabric",
	"description": "Unofficial Fabric Port of bl4ckscor3's Growmeal Mod",
	"authors": [
		"Gamemassa"
	],
	"contact": {
		"homepage": "https://github.com/Gamemassa/Growmeal-Fabric",
		"sources": "https://github.com/Gamemassa/Growmeal-Fabric"
	},
	"license": "CC0-1.0",
	"icon": "assets/growmeal-fabric/growmeal.png",
	"environment": "*",
	"entrypoints": {
		"main": [
			"com.builtbroken.sbmgrowmeal.GrowmealFabric"
		],
		"client": [
			"com.builtbroken.sbmgrowmeal.GrowmealFabricClient"
		]
	},
	"depends": {
		"fabricloader": ">=0.14.22",
		"minecraft": "~1.20.1",
		"java": ">=17",
		"fabric-api": "*"
	},
}